-- Tablas de Servicios (ejecutar después de 2. usuarios_tablas.sql)
USE patitas_rescate;

-- Tabla de Servicios
CREATE TABLE IF NOT EXISTS SERVICIOS (
    ID_SERVICIO INT AUTO_INCREMENT PRIMARY KEY,
    NOMBRE_SERVICIO VARCHAR(100) NOT NULL,
    DESCRIPCION TEXT,
    PRECIO DECIMAL(10,2) NOT NULL CHECK (PRECIO >= 0),
    DURACION_MINUTOS INT CHECK (DURACION_MINUTOS > 0)
);

-- Tabla de Productos
CREATE TABLE IF NOT EXISTS PRODUCTOS (
    ID_PRODUCTO INT AUTO_INCREMENT PRIMARY KEY,
    NOMBRE_PRODUCTO VARCHAR(100) NOT NULL,
    CATEGORIA VARCHAR(100),
    PRECIO DECIMAL(10,2) NOT NULL CHECK (PRECIO >= 0),
    STOCK INT NOT NULL CHECK (STOCK >= 0)
);

-- Tabla de Relación entre Servicios y Productos
CREATE TABLE IF NOT EXISTS SERVICIOS_PRODUCTOS (
    ID_PRODUCTO_SERVICIO INT AUTO_INCREMENT PRIMARY KEY,
    ID_PRODUCTO INT NOT NULL,
    ID_SERVICIO INT NOT NULL,
    UNIDADES_PRODUCTO INT NOT NULL CHECK (UNIDADES_PRODUCTO > 0),
    CANTIDAD_CONSUMIDA INT NOT NULL CHECK (CANTIDAD_CONSUMIDA > 0),
    CONSTRAINT fk_servicios_productos FOREIGN KEY (ID_PRODUCTO) REFERENCES PRODUCTOS(ID_PRODUCTO),
    CONSTRAINT fk_servicios_productos_servicios FOREIGN KEY (ID_SERVICIO) REFERENCES SERVICIOS(ID_SERVICIO)
);

CREATE INDEX idx_servprod_producto ON SERVICIOS_PRODUCTOS(ID_PRODUCTO);
CREATE INDEX idx_servprod_servicio ON SERVICIOS_PRODUCTOS(ID_SERVICIO);

-- Datos semilla: servicios
INSERT INTO SERVICIOS (ID_SERVICIO, NOMBRE_SERVICIO, DESCRIPCION, PRECIO, DURACION_MINUTOS)
VALUES (1, 'Corte Mini', 'Corte de pelo para perros pequeños', 15000.00, 30);

INSERT INTO SERVICIOS (ID_SERVICIO, NOMBRE_SERVICIO, DESCRIPCION, PRECIO, DURACION_MINUTOS)
VALUES (2, 'Corte Mediano', 'Corte de pelo para perros medianos', 25000.00, 45);

INSERT INTO SERVICIOS (ID_SERVICIO, NOMBRE_SERVICIO, DESCRIPCION, PRECIO, DURACION_MINUTOS)
VALUES (3, 'Corte Grande', 'Corte de pelo para perros grandes', 35000.00, 60);

INSERT INTO SERVICIOS (ID_SERVICIO, NOMBRE_SERVICIO, DESCRIPCION, PRECIO, DURACION_MINUTOS)
VALUES (4, 'Corte de Uñas', 'Corte de uñas para perros de cualquier tamaño', 10000.00, 20);

-- Datos semilla: productos
INSERT INTO PRODUCTOS (ID_PRODUCTO, NOMBRE_PRODUCTO, CATEGORIA, PRECIO, STOCK)
VALUES (1, 'Shampoo burbuja', 'Higiene', 1500.00, 100);

INSERT INTO PRODUCTOS (ID_PRODUCTO, NOMBRE_PRODUCTO, CATEGORIA, PRECIO, STOCK)
VALUES (2, 'Acondicionador burbuja', 'Higiene', 1350.00, 100);

INSERT INTO PRODUCTOS (ID_PRODUCTO, NOMBRE_PRODUCTO, CATEGORIA, PRECIO, STOCK)
VALUES (3, 'Desinfectante', 'Higiene', 400.00, 50);

-- Asociar productos con servicios
-- Corte Mini
INSERT INTO SERVICIOS_PRODUCTOS (ID_PRODUCTO_SERVICIO, ID_PRODUCTO, ID_SERVICIO, UNIDADES_PRODUCTO, CANTIDAD_CONSUMIDA)
VALUES (1, 1, 1, 1, 1);
INSERT INTO SERVICIOS_PRODUCTOS (ID_PRODUCTO_SERVICIO, ID_PRODUCTO, ID_SERVICIO, UNIDADES_PRODUCTO, CANTIDAD_CONSUMIDA)
VALUES (2, 2, 1, 1, 1);
INSERT INTO SERVICIOS_PRODUCTOS (ID_PRODUCTO_SERVICIO, ID_PRODUCTO, ID_SERVICIO, UNIDADES_PRODUCTO, CANTIDAD_CONSUMIDA)
VALUES (3, 3, 1, 1, 1);

-- Corte Mediano
INSERT INTO SERVICIOS_PRODUCTOS (ID_PRODUCTO_SERVICIO, ID_PRODUCTO, ID_SERVICIO, UNIDADES_PRODUCTO, CANTIDAD_CONSUMIDA)
VALUES (4, 1, 2, 2, 2);
INSERT INTO SERVICIOS_PRODUCTOS (ID_PRODUCTO_SERVICIO, ID_PRODUCTO, ID_SERVICIO, UNIDADES_PRODUCTO, CANTIDAD_CONSUMIDA)
VALUES (5, 2, 2, 2, 2);
INSERT INTO SERVICIOS_PRODUCTOS (ID_PRODUCTO_SERVICIO, ID_PRODUCTO, ID_SERVICIO, UNIDADES_PRODUCTO, CANTIDAD_CONSUMIDA)
VALUES (6, 3, 2, 1, 1);

-- Corte Grande
INSERT INTO SERVICIOS_PRODUCTOS (ID_PRODUCTO_SERVICIO, ID_PRODUCTO, ID_SERVICIO, UNIDADES_PRODUCTO, CANTIDAD_CONSUMIDA)
VALUES (7, 1, 3, 3, 3);
INSERT INTO SERVICIOS_PRODUCTOS (ID_PRODUCTO_SERVICIO, ID_PRODUCTO, ID_SERVICIO, UNIDADES_PRODUCTO, CANTIDAD_CONSUMIDA)
VALUES (8, 2, 3, 3, 3);
INSERT INTO SERVICIOS_PRODUCTOS (ID_PRODUCTO_SERVICIO, ID_PRODUCTO, ID_SERVICIO, UNIDADES_PRODUCTO, CANTIDAD_CONSUMIDA)
VALUES (9, 3, 3, 1, 1);
